<?xml version="1.0" encoding="UTF-8"?>
<project-private xmlns="http://www.netbeans.org/ns/project-private/1">
    <editor-bookmarks xmlns="http://www.netbeans.org/ns/editor-bookmarks/2" lastBookmarkId="0"/>
    <open-files xmlns="http://www.netbeans.org/ns/projectui-open-files/2">
        <group name="Grupo3">
            <file>file:/C:/Users/Asus.DESKTOP-VO9GGP7/Documents/NetBeansProjects/S3E/Eva1_ExamenPractico/src/Exa2.java</file>
            <file>file:/C:/Users/Asus.DESKTOP-VO9GGP7/Documents/NetBeansProjects/S3E/Eva1_ExamenPractico/src/Intermedio2.java</file>
            <file>file:/C:/Users/Asus.DESKTOP-VO9GGP7/Documents/NetBeansProjects/S3E/Eva1_ExamenPractico/src/Principiante2.java</file>
            <file>file:/C:/Users/Asus.DESKTOP-VO9GGP7/Documents/NetBeansProjects/S3E/Eva1_ExamenPractico/src/Principiante7.java</file>
            <file>file:/C:/Users/Asus.DESKTOP-VO9GGP7/Documents/NetBeansProjects/S3E/Eva1_ExamenPractico/src/Intermedio1.java</file>
            <file>file:/C:/Users/Asus.DESKTOP-VO9GGP7/Documents/NetBeansProjects/S3E/Eva1_ExamenPractico/src/Principiante6.java</file>
            <file>file:/C:/Users/Asus.DESKTOP-VO9GGP7/Documents/NetBeansProjects/S3E/Eva1_ExamenPractico/src/Principiante1.java</file>
            <file>file:/C:/Users/Asus.DESKTOP-VO9GGP7/Documents/NetBeansProjects/S3E/Eva1_ExamenPractico/src/Principiante5.java</file>
        </group>
    </open-files>
</project-private>
