<?xml version="1.0" encoding="UTF-8"?>
<project-private xmlns="http://www.netbeans.org/ns/project-private/1">
    <editor-bookmarks xmlns="http://www.netbeans.org/ns/editor-bookmarks/2" lastBookmarkId="1">
        <file>
            <url>src/Principal2.java</url>
            <bookmark id="1">
                <name/>
                <line>17</line>
                <key/>
            </bookmark>
        </file>
    </editor-bookmarks>
    <open-files xmlns="http://www.netbeans.org/ns/projectui-open-files/2">
        <group name="Grupo3">
            <file>file:/C:/Users/Asus.DESKTOP-VO9GGP7/Documents/NetBeansProjects/S3/Eva1_Practicas/src/Practica5.java</file>
            <file>file:/C:/Users/Asus.DESKTOP-VO9GGP7/Documents/NetBeansProjects/S3/Eva1_Practicas/src/Practica1.java</file>
            <file>file:/C:/Users/Asus.DESKTOP-VO9GGP7/Documents/NetBeansProjects/S3/Eva1_Practicas/src/Practica2.java</file>
            <file>file:/C:/Users/Asus.DESKTOP-VO9GGP7/Documents/NetBeansProjects/S3/Eva1_Practicas/src/Practica6.java</file>
        </group>
    </open-files>
</project-private>
